patient_id,first_name,last_name,birthdate,email,phone,address,gender
272f3bfe-81fc-411c-9155-0d2c95dd65cb,Thomas,Simpson,1943-11-28,julia34@example.net,(857)528-6117x3309,"1484 Oconnor Plains Suite 974, Wilkinsmouth, PR 66163",F
2916da47-a46e-4516-b980-667db4747b86,Michelle,Bishop,1955-10-14,beckanna@example.net,339-633-9524,"Unit 8198 Box 6189, DPO AA 99007",F
060493ed-7e8c-44cb-9875-60119cb6251d,Taylor,Hayes,2002-05-11,vsmith@example.com,850-645-2774x2297,"1140 Hunter Center, Jenkinshaven, WY 13650",F
742aa564-ac15-4cf1-8dab-c1cdb33e5e43,Shari,Garcia,2017-12-29,ehowe@example.com,(487)417-5937,"PSC 7286, Box 4056, APO AA 05491",M
e67c2535-43f3-407b-981b-293e37ebcdbf,John,James,1941-07-28,taylorjoshua@example.net,+1-309-305-6178x66446,"3247 Jennifer Summit, Reedmouth, NM 77111",M
c5b53d27-9691-4201-887a-cb2156f8e50a,Brandon,Jones,1999-02-04,mcdonaldmary@example.net,2443838344,"343 West Station, Lake James, PW 77582",F
7cc0ed83-4d81-4a25-a3d9-a63ff57a83e4,Courtney,Greer,1967-07-06,amandagillespie@example.org,+1-428-286-8306x235,"71135 Mark Springs, Bruceview, NJ 81927",Other
1836210b-379e-4ab6-9ec7-26961e44328e,Kimberly,Williams,1939-04-19,crystalbrown@example.org,(600)678-0176,"1066 Tammy Brooks Apt. 286, West Johnside, GU 10393",Other
3de2b559-1b4a-4009-bd7b-dbc71d01ef43,Alexis,Luna,1935-03-13,sharon58@example.org,565.745.8168x6612,"71484 Sarah Ports, Jasonbury, PA 04191",Other
72f52b16-f5f2-4de1-91aa-840c85bad522,Charles,Ford,1947-02-13,michaelglover@example.com,811.435.6917x3014,"06698 Lucas Ports, Foxport, WY 28864",Other
